protein_id,gene,modified_peptide_sequence,site_label,log2FC_Cer,p_Cer,log2FC_BS,p_BS,sig_in_either,concordant,class
D0VYV6,Epb41l3,GIS[79.9663]QTNLITTVTPEK,Epb41l3 pS3,0.22809930211960933,0.1271203372038697,0.26559694437247755,0.26423629897065715,FALSE,FALSE,n.s.
D0VYV6,Epb41l3,KAEEAT[79.9663]PVTALR,Epb41l3 pT6,0.13537015054978535,0.1271203372038697,-2.4986666856468713,0.26423629897065715,FALSE,FALSE,n.s.
D0VYV6,Epb41l3,S[79.9663]LDGEVGTGQYATTK,Epb41l3 pS1,0.02124116789544907,0.1271203372038697,0.1904486247993525,0.26423629897065715,FALSE,FALSE,n.s.
Q80WJ7,Mtdh,SETNWES[79.9663]PK,Mtdh pS7,-0.45466937301068544,0.13994903358286237,-0.1901786117407079,0.2807987600787278,FALSE,FALSE,n.s.
P62071,Rras2,FQEQEC[57.0215]PPS[79.9663]PEPTRK,Rras2 pS18,-0.8308833284404621,0.1445546834915094,-1.1860211029235668,0.3003223763512948,FALSE,FALSE,n.s.
P62071,Rras2,KFQEQEC[57.0215]PPS[79.9663]PEPTRK,Rras2 pS19,-0.32187346869803996,0.1445546834915094,-0.2204979306375251,0.3003223763512948,FALSE,FALSE,n.s.
A0A0U1RPW2,Tjp1,IDS[79.9663]PGLKPASQQVYR,Tjp1 pS3,0.2902117473789241,0.31974056277836915,0.5043430225106856,0.1511678745289893,FALSE,FALSE,n.s.
A0A0U1RPW2,Tjp1,S[79.9663]REDLSAQPVQTK,Tjp1 pS1,0.12908719698473417,0.31974056277836915,-1.6360217627694331,0.1511678745289893,FALSE,FALSE,n.s.
P14873,Map1b,DVSDERLS[79.9663]PAK,Map1b pS8,0.3160408873733062,0.24444196773724217,0.28486731427079315,0.2953992516973773,FALSE,FALSE,n.s.
P14873,Map1b,IAELEEERS[79.9663]QGSTSNSDWM[15.9949]K,Map1b pS9,-0.7375970762287649,0.24444196773724217,-0.09932379183396677,0.2953992516973773,FALSE,FALSE,n.s.
P14873,Map1b,KES[79.9663]KEETPEVTK,Map1b pS3,-0.35153864392168527,0.24444196773724217,-0.11943801712942721,0.2953992516973773,FALSE,FALSE,n.s.
P14873,Map1b,LGGDVS[79.9663]PTQIDVSQFGSFK,Map1b pS6,0.09191453752124291,0.24444196773724217,-3.190588203244163,0.2953992516973773,FALSE,FALSE,n.s.
P14873,Map1b,TIKS[79.9663]PC[57.0215]DSGYSYETIEK,Map1b pS4,0.5858636982613264,0.24444196773724217,-0.5626192852689453,0.2953992516973773,FALSE,FALSE,n.s.
P14873,Map1b,TIKT[79.9663]PEDGGYTC[57.0215]EITEK,Map1b pT4,-0.8852974672871271,0.24444196773724217,-0.43427892209418634,0.2953992516973773,FALSE,FALSE,n.s.
P14873,Map1b,VLS[79.9663]PLRS[79.9663]PPLLGSESPYEDFLSADSK,"Map1b pS3,S16",-1.9880153033308143,0.24444196773724217,2.038638546946391,0.2953992516973773,FALSE,FALSE,n.s.
P14873,Map1b,VQSLEGEKLS[79.9663]PK,Map1b pS10,0.5476607152908191,0.24444196773724217,0.8292048114683697,0.2953992516973773,FALSE,FALSE,n.s.
O88737,Bsn,ISKFS[79.9663]PIEEAK,Bsn pS5,-2.4241506142230365,0.5266778105354767,0.26280372948080005,0.09728738459323692,FALSE,FALSE,n.s.
Q8K070,Samd14,DAS[79.9663]PPEPASPTIGLDK,Samd14 pS3,0.14767070767995938,0.5549691810480155,0.5819642019323129,0.08553288475214063,FALSE,FALSE,n.s.
Q8K070,Samd14,DAS[79.9663]PPEPASPTIGLDKK,Samd14 pS3,-0.6174563528884984,0.5549691810480155,0.4736913677771805,0.08553288475214063,FALSE,FALSE,n.s.
Q91XV3,Basp1,AEGAGTEEEGT[79.9663]PKESEPQAAADATEVK,Basp1 pT11,-0.03475128009053027,0.5901428033535263,-1.0744065448722984,0.06595972009177865,FALSE,FALSE,n.s.
Q99P72,Rtn4,DDS[79.9663]PKEYTDLEVSNK,Rtn4 pS3,-1.6500922304352414,0.5032510521582261,-0.8894186685235975,0.2105917579573127,FALSE,FALSE,n.s.
Q99P72,Rtn4,EAEEKLPS[79.9663]DTEKEDR,Rtn4 pS8,-1.15991349888914,0.5032510521582261,-0.6056257025230062,0.2105917579573127,FALSE,FALSE,n.s.
Q99P72,Rtn4,KAQIITEKTS[79.9663]PK,Rtn4 pS10,0.41553826724969273,0.5032510521582261,0.2608881342605528,0.2105917579573127,FALSE,FALSE,n.s.
Q99P72,Rtn4,RGS[79.9663]GSVDETLFALPAASEPVIPSSAEK,Rtn4 pS3,-0.12305554829979011,0.5032510521582261,-0.9522428084426886,0.2105917579573127,FALSE,FALSE,n.s.
Q91XM9,Dlg2,LC[57.0215]DKPAS[79.9663]PR,Dlg2 pS16,0.2263058134522957,0.20932705705537824,0.20811965112640707,0.6335077674466678,FALSE,FALSE,n.s.
Q811P8,Arhgap32,DVINRS[79.9663]PTQLQLGK,Arhgap32 pS6,-0.3788967595421488,0.15250594706370857,-0.16758985592811562,0.6986621149797307,FALSE,FALSE,n.s.
Q8CJ19,Mical3,GRS[79.9663]EEELEASK,Mical3 pS3,-0.5338400431661445,0.3567922154473145,-0.38868278445375826,0.5366587367951126,FALSE,FALSE,n.s.
Q8CJ19,Mical3,GTSQVSS[79.9663]PSQPPEK,Mical3 pS7,-0.43585492985516266,0.3567922154473145,0.01059875443605643,0.5366587367951126,FALSE,FALSE,n.s.
P19246,Nefh,AKPLDVKS[79.9663]PEAQT[79.9663]PVQEEAK,"Nefh pS8,T22",-1.3115789460489684,0.11561210040090054,-0.485982455523516,0.8296462744316306,FALSE,FALSE,n.s.
P19246,Nefh,EDIKPPAEAKS[79.9663]PEK,Nefh pS11,-0.015572715634040018,0.11561210040090054,0.1392968183251625,0.8296462744316306,FALSE,FALSE,n.s.
P19246,Nefh,EEVKS[79.9663]PVKEEVK,Nefh pS5,0.09264520101667403,0.11561210040090054,0.035662111947063806,0.8296462744316306,FALSE,FALSE,n.s.
P19246,Nefh,HPTDIRPPEQVKS[79.9663]PAK,Nefh pS13,0.7017447799766076,0.11561210040090054,0.5474824442086247,0.8296462744316306,FALSE,FALSE,n.s.
P19246,Nefh,SPAAVKS[79.9663]PAEAK,Nefh pS7,-0.1719202462755312,0.11561210040090054,0.5689890878224152,0.8296462744316306,FALSE,FALSE,n.s.
P19246,Nefh,SPAAVKS[79.9663]PAEAKS[79.9663]PAAVK,"Nefh pS7,S22",-0.2467945390468033,0.11561210040090054,0.09028527449181623,0.8296462744316306,FALSE,FALSE,n.s.
P19246,Nefh,SPAAVKS[79.9663]PGEAK,Nefh pS7,-0.2796457254399004,0.11561210040090054,-0.040389606645862865,0.8296462744316306,FALSE,FALSE,n.s.
P19246,Nefh,SPAAVKS[79.9663]PGEAKS[79.9663]PGEAK,"Nefh pS7,S22",-1.754578747907001,0.11561210040090054,0.1915963629287031,0.8296462744316306,FALSE,FALSE,n.s.
P19246,Nefh,SPAEAKS[79.9663]PAAVK,Nefh pS7,-0.24996766078201008,0.11561210040090054,0.14238961737436964,0.8296462744316306,FALSE,FALSE,n.s.
P19246,Nefh,SPAEAKS[79.9663]PAEAKS[79.9663]PAEAK,"Nefh pS7,S22",-0.2533760118039221,0.11561210040090054,0.08140199814588368,0.8296462744316306,FALSE,FALSE,n.s.
P19246,Nefh,SPAEAKS[79.9663]PAEAKS[79.9663]PAEVK,"Nefh pS7,S22",-1.2820417967521565,0.11561210040090054,-0.07397901633430473,0.8296462744316306,FALSE,FALSE,n.s.
P19246,Nefh,SPAEAKS[79.9663]PAEAKS[79.9663]PATVK,"Nefh pS7,S22",-0.9483612998529052,0.11561210040090054,0.26155238035287526,0.8296462744316306,FALSE,FALSE,n.s.
P19246,Nefh,SPAEAKS[79.9663]PAEVK,Nefh pS7,-0.2357091630301201,0.11561210040090054,0.011333362591089836,0.8296462744316306,FALSE,FALSE,n.s.
P19246,Nefh,SPAEAKS[79.9663]PIEVK,Nefh pS7,-0.0493336408072152,0.11561210040090054,-4.299741148396851,0.8296462744316306,FALSE,FALSE,n.s.
P19246,Nefh,SPAEAKS[79.9663]PIEVKS[79.9663]PEK,"Nefh pS7,S22",-0.21324046576394995,0.11561210040090054,0.031954428414757464,0.8296462744316306,FALSE,FALSE,n.s.
P19246,Nefh,SPAEPKS[79.9663]PAEAK,Nefh pS7,-0.05938968771076868,0.11561210040090054,-0.14856833275499046,0.8296462744316306,FALSE,FALSE,n.s.
P19246,Nefh,SPAEPKS[79.9663]PAEAKS[79.9663]PAEVK,"Nefh pS7,S22",-0.22616314931612674,0.11561210040090054,0.0167302959366862,0.8296462744316306,FALSE,FALSE,n.s.
P19246,Nefh,SPAEVKS[79.9663]PAEAKS[79.9663]PAEVK,"Nefh pS7,S22",-0.7388074924763662,0.11561210040090054,0.10176331170332127,0.8296462744316306,FALSE,FALSE,n.s.
P19246,Nefh,SPAEVKS[79.9663]PGEAK,Nefh pS7,-0.3549372203835524,0.11561210040090054,-0.21638649714623093,0.8296462744316306,FALSE,FALSE,n.s.
P19246,Nefh,SPATVKS[79.9663]PGEAKS[79.9663]PSEAK,"Nefh pS7,S22",-0.8467044742921976,0.11561210040090054,0.07960424708348819,0.8296462744316306,FALSE,FALSE,n.s.
P19246,Nefh,SPIEVKS[79.9663]PEK,Nefh pS7,0.21828037053892574,0.11561210040090054,0.17413596966374867,0.8296462744316306,FALSE,FALSE,n.s.
P19246,Nefh,SPIEVKS[79.9663]PEKAK,Nefh pS7,1.042740295190359,0.11561210040090054,0.46939516004521487,0.8296462744316306,FALSE,FALSE,n.s.
P19246,Nefh,S[79.9663]PAEAKS[79.9663]PAEAK,"Nefh pS1,S16",-0.21830893106128554,0.11561210040090054,0.5353993878459453,0.8296462744316306,FALSE,FALSE,n.s.
P19246,Nefh,S[79.9663]PAEAKS[79.9663]PATVK,"Nefh pS1,S16",-0.18917903135127723,0.11561210040090054,0.2191649005974347,0.8296462744316306,FALSE,FALSE,n.s.
P19246,Nefh,S[79.9663]PAEPKS[79.9663]PATVK,"Nefh pS1,S16",0.0019110571343261995,0.11561210040090054,0.17839964358047045,0.8296462744316306,FALSE,FALSE,n.s.
P19246,Nefh,S[79.9663]PGEAKS[79.9663]PAAVK,"Nefh pS1,S16",-0.1439993506795963,0.11561210040090054,0.267658024238568,0.8296462744316306,FALSE,FALSE,n.s.
P19246,Nefh,S[79.9663]PGEAKS[79.9663]PAEAK,"Nefh pS1,S16",-0.7663263475041445,0.11561210040090054,1.0866991968861928,0.8296462744316306,FALSE,FALSE,n.s.
Q8VD37,Sgip1,T[79.9663]GSPLTVATGNDQAATEAK,Sgip1 pT1,0.10539426742325823,0.27944207441354174,0.21223340438196425,0.722222522059947,FALSE,FALSE,n.s.
Q5XJV6,Lmtk3,ALVNGEPM[15.9949]S[79.9663]PEAGEK,Lmtk3 pS18,0.3130590267742592,0.2752840631432532,-0.3356776495504912,0.7430039880839372,FALSE,FALSE,n.s.
Q6PER3,Mapre3,LIGTAVPQRT[79.9663]SPTGPK,Mapre3 pT10,0.9255709471238275,0.4842480934475166,0.05102021566289426,0.5629114879680578,FALSE,FALSE,n.s.
P54227,Stmn1,ESVPDFPLS[79.9663]PPKK,Stmn1 pS9,-0.71518175797162,0.37716553081678156,0.8359456393638459,0.7190914833491032,FALSE,FALSE,n.s.
P54227,Stmn1,ESVPDFPLS[79.9663]PPKKK,Stmn1 pS9,1.6360165897116654,0.37716553081678156,0.12162055911559677,0.7190914833491032,FALSE,FALSE,n.s.
P17182,Eno1,YDLDFKS[79.9663]PDDPSR,Eno1 pS7,-0.8266518847912545,0.5721036343432486,-0.10938435246550698,0.5570130858485521,FALSE,FALSE,n.s.
Q9ES28,Arhgef7,EIKPSEKPVS[79.9663]PK,Arhgef7 pS10,-0.1254038208994217,0.35887254177452815,0.30835431787183115,0.7838359106630602,FALSE,FALSE,n.s.
Q9ES28,Arhgef7,KPS[79.9663]DEEFAVR,Arhgef7 pS3,-0.019835692959710747,0.35887254177452815,0.0024709068551551647,0.7838359106630602,FALSE,FALSE,n.s.
P20357,Map2,APHWTSASLTEAAAHPHS[79.9663]PEM[15.9949]K,Map2 pS18,0.4106538823551743,0.6302507766065382,0.2546437311270629,0.5861114561931546,FALSE,FALSE,n.s.
P20357,Map2,DGS[79.9663]PDAPAT[79.9663]PEKEEVAFSEYK,"Map2 pS3,T18",-2.4959837770904687,0.6302507766065382,0.9624629796337526,0.5861114561931546,FALSE,FALSE,n.s.
P20357,Map2,DKVTDGISKS[79.9663]PEK,Map2 pS10,0.2870048970043113,0.6302507766065382,0.8778706963816891,0.5861114561931546,FALSE,FALSE,n.s.
P20357,Map2,EAS[79.9663]PPTSADK,Map2 pS3,-0.43415652703905266,0.6302507766065382,0.18723265389267052,0.5861114561931546,FALSE,FALSE,n.s.
P20357,Map2,ETS[79.9663]PETSLIQDEVALK,Map2 pS3,-0.455931881121904,0.6302507766065382,-0.0628955172052887,0.5861114561931546,FALSE,FALSE,n.s.
P20357,Map2,KET[79.9663]SPETSLIQDEVALK,Map2 pT3,0.30755015782337947,0.6302507766065382,-2.5885521891640657,0.5861114561931546,FALSE,FALSE,n.s.
P20357,Map2,KSEVQAHS[79.9663]PSR,Map2 pS8,0.7693976640849212,0.6302507766065382,1.4072600138724998,0.5861114561931546,FALSE,FALSE,n.s.
P20357,Map2,VAIIRT[79.9663]PPK,Map2 pT6,0.9680792902784753,0.6302507766065382,0.728558889425521,0.5861114561931546,FALSE,FALSE,n.s.
P20357,Map2,VAIIRT[79.9663]PPKS[79.9663]PATPK,"Map2 pT6,S19",0.5031219929142733,0.6302507766065382,0.6040928887783307,0.5861114561931546,FALSE,FALSE,n.s.
P20357,Map2,VTDGISKS[79.9663]PEKR,Map2 pS8,0.30930684708035516,0.6302507766065382,0.38657314219690697,0.5861114561931546,FALSE,FALSE,n.s.
Q9QYX7,Pclo,TQPQKVS[79.9663]PEQPQDQQK,Pclo pS7,-0.1547123891757789,0.7256124846785266,-0.05387144288573172,0.49103305021730226,FALSE,FALSE,n.s.
Q9ESN6,Trim2,SADVS[79.9663]PTTEGVK,Trim2 pS5,-0.10706464799462209,0.500965494761775,0.10659322930751343,0.7191287481064468,FALSE,FALSE,n.s.
Q6P9K8,Caskin1,KVPLPGPGS[79.9663]PEVKR,Caskin1 pS9,1.3634958732362723,0.305209393442805,0.6949017579086607,0.9218756128051638,FALSE,FALSE,n.s.
Q6P9K8,Caskin1,VPLPGPGS[79.9663]PEVK,Caskin1 pS8,1.0753729556454488,0.305209393442805,1.064428734985741,0.9218756128051638,FALSE,FALSE,n.s.
Q8BTI8,Srrm2,AAETPAVASC[57.0215]WSGPQVS[79.9663]PEHK,Srrm2 pS26,-0.25515410749734513,0.2813214618492467,0.003363072198857488,0.9461853394462341,FALSE,FALSE,n.s.
Q8BTI8,Srrm2,RVPS[79.9663]PTPVPK,Srrm2 pS4,0.24342313555314654,0.2813214618492467,-0.3239049323619702,0.9461853394462341,FALSE,FALSE,n.s.
Q69ZH9,Arhgap23,SKS[79.9663]C[57.0215]DDGLNTFR,Arhgap23 pS3,0.34384086428606764,0.9245367653851975,0.8042895640005809,0.3168258161223406,FALSE,FALSE,n.s.
Q69ZH9,Arhgap23,SKS[79.9663]C[57.0215]DDGLNTFRDEGR,Arhgap23 pS3,-0.7375970762287649,0.9245367653851975,0.009243126604657748,0.3168258161223406,FALSE,FALSE,n.s.
P35802,Gpm6a,SKEEQELHDIHSTRS[79.9663]K,Gpm6a pS15,0.011584086318617246,0.54903206732693,-0.04594370134654633,0.7096683645554682,FALSE,FALSE,n.s.
P06837,Gap43,EGDGSATTDAAPAT[79.9663]SPKAEEPSK,Gap43 pT14,0.10461689827851985,0.6425592811257894,0.5134687477764442,0.6302807540055498,FALSE,FALSE,n.s.
P06837,Gap43,KEGDGSATTDAAPAT[79.9663]SPK,Gap43 pT15,0.42243897416553,0.6425592811257894,-0.04968610303236538,0.6302807540055498,FALSE,FALSE,n.s.
Q9Z0R4,Itsn1,SAFTPATATGSSPS[79.9663]PVLGQGEK,Itsn1 pS14,0.3344529244871879,0.4210551659283186,0.3443336149774001,0.8542272244286767,FALSE,FALSE,n.s.
E9Q3M9,Cracdl,DM[15.9949]S[79.9663]PPEGDVAPPK,Cracdl pS12,0.023694539499811342,0.31183842909438764,-0.23588057084559333,0.9855116712623082,FALSE,FALSE,n.s.
A0A0G2JDN7,Map4,AAVGVTGNDITTPPNKEPPPS[79.9663]PEK,Map4 pS21,-1.6278441216832542,0.6815430875382325,-0.034719585887078935,0.663537410777649,FALSE,FALSE,n.s.
A0A0G2JDN7,Map4,AAVGVTGNDIT[79.9663]TPPNKEPPPS[79.9663]PEKK,"Map4 pT11,S30",-1.4007821629415356,0.6815430875382325,-0.8791539498575223,0.663537410777649,FALSE,FALSE,n.s.
Q9QXZ0,Macf1,AM[15.9949]DATLS[79.9663]PTKTETVK,Macf1 pS16,0.5445882814895082,0.7000947901796388,0.3189561307274479,0.6620116873408182,FALSE,FALSE,n.s.
O70166,Stmn3,DAS[79.9663]LEELQKR,Stmn3 pS3,0.18467217816651307,0.40617046457426587,-0.1748173491528557,0.9786687122181922,FALSE,FALSE,n.s.
O70166,Stmn3,KDAS[79.9663]LEELQK,Stmn3 pS4,-0.06407419926733549,0.40617046457426587,0.18905538949948708,0.9786687122181922,FALSE,FALSE,n.s.
P70399,Tp53bp1,ENTQIDDTEPLS[79.9663]PVSNSK,Tp53bp1 pS12,-0.019241575650781894,0.9822438695246889,-0.3297238943004842,0.42094864865563164,FALSE,FALSE,n.s.
Q9Z0U1,Tjp2,DAS[79.9663]PPPAFKPEPPK,Tjp2 pS3,1.1557864454052027,0.5652897487009895,-0.5121390736448997,0.8575696272812269,FALSE,FALSE,n.s.
Q9Z0U1,Tjp2,KVQVAPLQGS[79.9663]PPLSHDDR,Tjp2 pS10,-0.018237374866223868,0.5652897487009895,-0.1777641628865793,0.8575696272812269,FALSE,FALSE,n.s.
Q62261,Sptbn1,ES[79.9663]SPVPS[79.9663]PTLDRK,"Sptbn1 pS2,S16",-0.026645767680852115,0.8163894235137271,1.2206923140947552,0.6133136829727142,FALSE,FALSE,n.s.
Q62261,Sptbn1,RPPS[79.9663]PDPNTK,Sptbn1 pS4,0.6276428845707578,0.8163894235137271,0.48871293716263886,0.6133136829727142,FALSE,FALSE,n.s.
A2AJI0,Map7d1,KPGAGGS[79.9663]PALAR,Map7d1 pS7,-0.22572323466189528,0.8360803554117844,0.13557305922871696,0.6093515552017289,FALSE,FALSE,n.s.
Q9ESN9,Mapk8ip3,TGSS[79.9663]PTQGIVNK,Mapk8ip3 pS4,-0.036036818193758854,0.5232923791602436,0.07605745614200801,0.9552350753279617,FALSE,FALSE,n.s.
Q9QYB8,Add2,AGTKS[79.9663]PAVS[79.9663]PSKTSEDTK,"Add2 pS5,S18",-0.09225637294900323,0.9251884409728974,0.2638042567696289,0.571156938262279,FALSE,FALSE,n.s.
Q9QYB8,Add2,DIATEKPGS[79.9663]PVK,Add2 pS9,0.22756681038993015,0.9251884409728974,0.4375775426605889,0.571156938262279,FALSE,FALSE,n.s.
Q9QYB8,Add2,SPAVS[79.9663]PSKTSEDTK,Add2 pS5,-0.47873834636616436,0.9251884409728974,0.3813278224595987,0.571156938262279,FALSE,FALSE,n.s.
Q9QYB8,Add2,STPAS[79.9663]PVQS[79.9663]PSK,"Add2 pS5,S18",-0.07968038770088812,0.9251884409728974,0.4952794016394053,0.571156938262279,FALSE,FALSE,n.s.
B2RW11,Ankrd34a,RHS[79.9663]TEGPEDPPPWAEK,Ankrd34a pS3,-1.4579212587565762,0.5604071894556517,-0.05083906005120209,0.9500935015260632,FALSE,FALSE,n.s.
Q9QYR6,Map1a,ADS[79.9663]KES[79.9663]LKAAPK,"Map1a pS3,S15",-0.3289825193555134,0.5716273098042167,0.16119558503849407,0.9766232482944224,FALSE,FALSE,n.s.
Q9QYR6,Map1a,ALGLEES[79.9663]PEEEGK,Map1a pS7,-2.111441049365053,0.5716273098042167,-1.4520501892592053,0.9766232482944224,FALSE,FALSE,n.s.
Q9QYR6,Map1a,C[57.0215]LS[79.9663]PDDSTVK,Map1a pS12,1.1448448104328002,0.5716273098042167,2.039328289491795,0.9766232482944224,FALSE,FALSE,n.s.
Q9QYR6,Map1a,ELSSEPRT[79.9663]PPAQK,Map1a pT8,-0.2336825771945206,0.5716273098042167,0.18809710647462066,0.9766232482944224,FALSE,FALSE,n.s.
Q9QYR6,Map1a,EM[15.9949]TLDQKS[79.9663]PEK,Map1a pS17,-3.393425907669566,0.5716273098042167,-0.25354602382243485,0.9766232482944224,FALSE,FALSE,n.s.
Q9QYR6,Map1a,EM[15.9949]TLDQKS[79.9663]PEKAK,Map1a pS17,0.07750571335103369,0.5716273098042167,-0.20305896549923635,0.9766232482944224,FALSE,FALSE,n.s.
Q9QYR6,Map1a,ET[79.9663]SPTRGEPVPAWEGKS[79.9663]PEQEVR,"Map1a pT2,S26",-4.740822006610816,0.5716273098042167,-4.466629087267849,0.9766232482944224,FALSE,FALSE,n.s.
Q9QYR6,Map1a,GEPVPAWEGKS[79.9663]PEQEVR,Map1a pS11,0.1529530892074462,0.5716273098042167,0.22036719540819175,0.9766232482944224,FALSE,FALSE,n.s.
Q9QYR6,Map1a,GFKS[79.9663]PPC[57.0215]EDFSVTGESEK,Map1a pS4,-0.04692513433649594,0.5716273098042167,0.003129909363456365,0.9766232482944224,FALSE,FALSE,n.s.
Q9QYR6,Map1a,GFKS[79.9663]PPC[57.0215]EDFSVTGESEKK,Map1a pS4,-0.1655804611065329,0.5716273098042167,0.1291740576973648,0.9766232482944224,FALSE,FALSE,n.s.
Q9QYR6,Map1a,QLS[79.9663]PESLGTLQFGELSLGK,Map1a pS3,0.3924211968474081,0.5716273098042167,1.397372625624211,0.9766232482944224,FALSE,FALSE,n.s.
Q9QYR6,Map1a,QLS[79.9663]PESLGTLQFGELSLGKEEK,Map1a pS3,-0.5873100950593376,0.5716273098042167,0.6942558899800542,0.9766232482944224,FALSE,FALSE,n.s.
Q9QYR6,Map1a,S[79.9663]PTPGKGPVDR,Map1a pS1,-0.48332272195109716,0.5716273098042167,-0.25499609202386186,0.9766232482944224,FALSE,FALSE,n.s.
Q9QYR6,Map1a,TEATQGLDYVPSAGTIS[79.9663]PTSSLEEDK,Map1a pS17,-0.31604752401488156,0.5716273098042167,-0.2748488615384334,0.9766232482944224,FALSE,FALSE,n.s.
Q9QYR6,Map1a,VPSAPGQES[79.9663]PVPDT[79.9663]KSTPPTR,"Map1a pS9,T23",0.1782759491514351,0.5716273098042167,0.021265500243368974,0.9766232482944224,FALSE,FALSE,n.s.
Q9QYR6,Map1a,WLAES[79.9663]PVGLPPEEEDKLTR,Map1a pS5,-1.2355028426806982,0.5716273098042167,-1.1522380302548059,0.9766232482944224,FALSE,FALSE,n.s.
Q8BPN8,Dmxl2,VS[79.9663]VDSNLFVYSK,Dmxl2 pS2,-0.6194891177502251,0.9814603614638044,0.10638315358222437,0.5772611084591908,FALSE,FALSE,n.s.
Q80U28,Madd,AT[79.9663]LSDSEIETNSATSAIFGK,Madd pT2,0.016511932987762084,0.7433303653527148,0.5920200564777527,0.8257320887828059,FALSE,FALSE,n.s.
Q80U28,Madd,KRS[79.9663]PTENVNTPVGK,Madd pS3,-0.14599948276328964,0.7433303653527148,0.20263379600002857,0.8257320887828059,FALSE,FALSE,n.s.
Q9CZ44,Nsfl1c,KKS[79.9663]PNELVDDLFK,Nsfl1c pS3,-0.42329448391230773,0.7577397073869367,-0.15623669845338464,0.8292311174750542,FALSE,FALSE,n.s.
Q9CZ44,Nsfl1c,RHS[79.9663]GQDVHVVLK,Nsfl1c pS3,0.7274713003358352,0.7577397073869367,1.1839629202483335,0.8292311174750542,FALSE,FALSE,n.s.
P26645,Marcks,GEATAERPGEAAVAS[79.9663]SPSKANGQENGHVK,Marcks pS15,-0.9546763724813588,0.6795978395757569,-0.39092025855191176,0.9182586281194751,FALSE,FALSE,n.s.
P26645,Marcks,LSGFS[79.9663]FKK,Marcks pS5,0.9836455476679408,0.6795978395757569,1.0856776496541796,0.9182586281194751,FALSE,FALSE,n.s.
P26645,Marcks,VNGDAS[79.9663]PAAAEPGAK,Marcks pS6,0.011897658869944474,0.6795978395757569,-0.2538163179760845,0.9182586281194751,FALSE,FALSE,n.s.
P70663,Sparcl1,AAGS[79.9663]KEHIPHTEQQDQEGK,Sparcl1 pS4,-0.045097450572696623,0.7755528658950422,-0.1834301587503036,0.8288606421556888,FALSE,FALSE,n.s.
D3YXK2,Safb,APTAALS[79.9663]PEPQDSK,Safb pS7,0.4224576811894857,0.8175885276058237,0.15098734866596455,0.794997312894966,FALSE,FALSE,n.s.
D3YXK2,Safb,APTAALS[79.9663]PEPQDSKEDVK,Safb pS7,-0.08404458989719428,0.8175885276058237,-0.07627996585058143,0.794997312894966,FALSE,FALSE,n.s.
D3YXK2,Safb,APTAALS[79.9663]PEPQDSKEDVKK,Safb pS7,-0.6544975022424604,0.8175885276058237,-0.531740096944103,0.794997312894966,FALSE,FALSE,n.s.
Q8CH25,Sltm,DVQDAIAQS[79.9663]PEK,Sltm pS9,0.2867627324983472,0.7166425578763536,0.1294124430720833,0.9043394912342761,FALSE,FALSE,n.s.
Q8CH25,Sltm,DVQDAIAQS[79.9663]PEKEAK,Sltm pS9,-0.1973177252268189,0.7166425578763536,-0.3118875689135822,0.9043394912342761,FALSE,FALSE,n.s.
E9Q7S0,Synj1,EIEAPKS[79.9663]PGTAR,Synj1 pS7,0.3059019284188204,0.7949092774772933,-0.026321313108871112,0.8748332966638406,FALSE,FALSE,n.s.
E9Q7S0,Synj1,TPGPPSSQGS[79.9663]PVDTQPAAQK,Synj1 pS10,0.1661606298947919,0.7949092774772933,0.14503076560748832,0.8748332966638406,FALSE,FALSE,n.s.
P10711,Tcea1,KKEPAISSQNS[79.9663]PEAR,Tcea1 pS11,-0.06899792373640894,0.6967407746364505,0.5602052447773318,0.9894864615742984,FALSE,FALSE,n.s.
P51859,Hdgf,AGDVLEDS[79.9663]PK,Hdgf pS8,0.17051710523927566,0.8298226646978466,0.5751462379133608,0.8632269769795033,FALSE,FALSE,n.s.
P51859,Hdgf,AGDVLEDS[79.9663]PKRPK,Hdgf pS8,-0.1008879625437257,0.8298226646978466,0.7064088581230284,0.8632269769795033,FALSE,FALSE,n.s.
P51859,Hdgf,RAGDVLEDS[79.9663]PK,Hdgf pS9,0.4577777944692025,0.8298226646978466,0.37163234887101315,0.8632269769795033,FALSE,FALSE,n.s.
A2ALU4,Shroom2,DSC[57.0215]SS[79.9663]PPSLNYGK,Shroom2 pS14,0.1782823026070081,0.9198937959947675,0.5472245898664011,0.7991543617304515,FALSE,FALSE,n.s.
Q8K2P7,Slc38a1,RS[79.9663]LTNSHLEK,Slc38a1 pS2,0.2403766174412378,0.8822416615020323,0.08196851791964994,0.8691216084424911,FALSE,FALSE,n.s.
Q8K2P7,Slc38a1,S[79.9663]LTNSHLEK,Slc38a1 pS1,0.17520448186936724,0.8822416615020323,0.22816078759177238,0.8691216084424911,FALSE,FALSE,n.s.
Q8K019,Bclaf1,ELFDYS[79.9663]PPLHK,Bclaf1 pS6,2.6273997405504854,0.9201749539308923,-0.2598724778489793,0.8492054540338974,FALSE,FALSE,n.s.
Q8K019,Bclaf1,EVQS[79.9663]PEQVK,Bclaf1 pS4,-0.05895996247387907,0.9201749539308923,-0.23029188159047956,0.8492054540338974,FALSE,FALSE,n.s.
Q8K019,Bclaf1,KAEGEPQEES[79.9663]PLK,Bclaf1 pS10,0.05191088108194294,0.9201749539308923,-0.06767443948009863,0.8492054540338974,FALSE,FALSE,n.s.
Q8K019,Bclaf1,KAEGEPQEES[79.9663]PLKSK,Bclaf1 pS10,-0.4086878405729904,0.9201749539308923,-0.6026273743757894,0.8492054540338974,FALSE,FALSE,n.s.
Q7TQD2,Tppp,AANKT[79.9663]PPKS[79.9663]PGDPAR,"Tppp pT5,S18",-0.036903041600682536,0.9679528725552881,-0.16210992661297288,0.8107742433837953,FALSE,FALSE,n.s.
Q6PDG5,Smarcc2,KRS[79.9663]PS[79.9663]PSPTPEAK,"Smarcc2 pS3,S14",-0.6974013990449838,0.8423623639805049,0.30789161900933704,0.9670734960406044,FALSE,FALSE,n.s.
Q9EPJ9,Arfgap1,EWSLESSPAQNWT[79.9663]PPQPK,Arfgap1 pT13,-0.06261877776091815,0.9380097673804919,0.47284835550007837,0.9110192898028016,FALSE,FALSE,n.s.
Q9QZQ1,Afdn,SSPNVANQPPS[79.9663]PGGK,Afdn pS11,0.424308476877426,0.9909462992714151,0.044369305779479735,0.884552812224686,FALSE,FALSE,n.s.
Q9QZQ1,Afdn,TQVLS[79.9663]PDSLFTAK,Afdn pS5,-0.28690440814068313,0.9909462992714151,0.19712869003517056,0.884552812224686,FALSE,FALSE,n.s.
P13595,Ncam1,AAFS[79.9663]KDES[79.9663]KEPIVEVR,"Ncam1 pS4,S17",-0.8913717691531833,0.9726518491313678,0.22038724160952813,0.974075588321696,FALSE,FALSE,n.s.
P13595,Ncam1,DES[79.9663]KEPIVEVR,Ncam1 pS3,0.47752001430450575,0.9726518491313678,0.9286103263426317,0.974075588321696,FALSE,FALSE,n.s.
P13595,Ncam1,NPPEAATAPAS[79.9663]PK,Ncam1 pS11,0.05428032532777733,0.9726518491313678,0.3196553349164436,0.974075588321696,FALSE,FALSE,n.s.
P13595,Ncam1,TEEERT[79.9663]PNHDGGK,Ncam1 pT6,0.27249342147806044,0.9726518491313678,-0.1673885870883799,0.974075588321696,FALSE,FALSE,n.s.
A0A0A6YW34,Pcdh7,SSSPLPTVQLHPQS[79.9663]PTAGK,Pcdh7 pS14,-0.0972289863079766,0.8343479618255127,0.39950819752440736,NA,FALSE,FALSE,n.s.
A0A1L1SQ51,Tln2,LDEGT[79.9663]PPEPK,Tln2 pT5,0.001214577102813154,NA,-0.08159220044418354,NA,NA,FALSE,n.s.
A0A411P8U6,Mbp,NIVT[79.9663]PRTPPPSQGK,Mbp pT4,0.19820916421541093,NA,-0.41224584803641684,0.5806617329248867,FALSE,FALSE,n.s.
A2A5R2,Arfgef2,ELEKPM[15.9949]QSKPQSPVIQATAGS[79.9663]PK,Arfgef2 pS30,0.5448387250041548,NA,-0.08605184863488273,NA,NA,FALSE,n.s.
A2AAE1,Bltp1,VVFENEQDNNS[79.9663]LTK,Bltp1 pS11,-0.26558903110307225,NA,0.015325171740200339,NA,NA,FALSE,n.s.
B1AY13,Usp24,VSDQNS[79.9663]PVLPK,Usp24 pS6,0.20623902747323936,NA,0.27027174787524166,0.9227825226598392,FALSE,FALSE,n.s.
B2RUJ5,Apba1,S[79.9663]NSQENVEASHPSQDGK,Apba1 pS1,-0.38632946857605144,NA,0.24249464846094504,NA,NA,FALSE,n.s.
B2RY56,Rbm25,LGASNS[79.9663]PGQPNSVK,Rbm25 pS6,-0.04904488751273687,NA,0.06851941733602115,NA,NA,FALSE,n.s.
B6ZHC5,Epb41l2,ATPLPAEGKS[79.9663]SHETLNVVEEK,Epb41l2 pS10,-2.023212777836173,NA,-0.8210866209211278,0.5496307168739367,FALSE,FALSE,n.s.
B9EJ80,Pdzd8,VQTELKEETQPLSHS[79.9663]PK,Pdzd8 pS15,-0.4692674342385709,NA,-0.19820921713824996,0.6726194748541641,FALSE,FALSE,n.s.
D3YVF0,Akap5,GPVAAS[79.9663]PQKER,Akap5 pS6,-0.3099195547199475,0.22514419675784209,-0.34307615471457403,NA,FALSE,FALSE,n.s.
E9QB02,Mars1,AKGS[79.9663]PKPAAVEAVTAAGSQHIQTLTDEVTK,Mars1 pS4,-0.06832635615026504,NA,0.048125348101247335,NA,NA,FALSE,n.s.
F2Z3U3,Raph1,SLPASGTPQS[79.9663]PPAVK,Raph1 pS10,0.14529294652080602,0.7251453402586776,0.40165018376845374,NA,FALSE,FALSE,n.s.
F8WHQ1,Tpd52,NSPTFKS[79.9663]FEEK,Tpd52 pS7,0.32653326119095016,0.8584858082324458,0.3038815712401027,NA,FALSE,FALSE,n.s.
O35927,Ctnnd2,GGS[79.9663]PLTTTQGGSPTK,Ctnnd2 pS3,0.09105869853316405,0.15539711232520503,0.20785187171617958,NA,FALSE,FALSE,n.s.
P0C7L0,Wipf3,AQLVS[79.9663]PPAPPTK,Wipf3 pS5,0.13487396739411006,NA,-0.6790237802867429,NA,NA,FALSE,n.s.
P17183,Eno2,YDLDFKS[79.9663]PADPSR,Eno2 pS7,0.04037629732540991,0.5430902858570265,-0.08176130260002014,NA,FALSE,FALSE,n.s.
P26369,U2af2,GAKEEHGGLIRS[79.9663]PR,U2af2 pS12,0.05007833959483501,NA,-0.2552293396765916,NA,NA,FALSE,n.s.
P28028,Braf,AGFQTEDFSLYAC[57.0215]AS[79.9663]PK,Braf pS24,-0.2871535285668366,NA,0.029577175492289828,NA,NA,FALSE,n.s.
P28667,Marcksl1,GEVAPKET[79.9663]PK,Marcksl1 pT8,-0.04760035016042198,0.18998978943686196,-0.2970404360787017,NA,FALSE,FALSE,n.s.
P43006,Slc1a2,NHRES[79.9663]NSNQC[57.0215]VYAAHNSVVIDEC[57.0215]K,Slc1a2 pS5,-0.47538777481602573,NA,0.1384293164295183,NA,NA,FALSE,n.s.
P46460,Nsf,ENRQS[79.9663]IINPDWNFEK,Nsf pS5,-0.6156226642367656,NA,0.183555211122396,NA,NA,FALSE,n.s.
P51830,Adcy9,VQVDGSIGRS[79.9663]PTDEIANLVPSVQYSDK,Adcy9 pS10,-2.888190599419144,NA,0.4901150673731759,NA,NA,FALSE,n.s.
P56399,Usp5,GTGLQPGEEELPDIAPPLVT[79.9663]PDEPK,Usp5 pT20,-0.9022854293049298,NA,0.06631232478724822,NA,NA,FALSE,n.s.
P63141,Kcna2,IPS[79.9663]S[79.9663]PDLKK,"Kcna2 pS3,S13",-0.07201611529932488,NA,0.764236869428056,0.5643070440415991,FALSE,FALSE,n.s.
P70429,Evl,S[79.9663]NSVEKPVSSLLSR,Evl pS1,-0.11486894208729333,NA,0.3998481902300071,NA,NA,FALSE,n.s.
P83510,Tnik,SEGS[79.9663]PVLPHEPSK,Tnik pS4,-0.07091992571624171,0.9288393492558605,0.3191893029839459,NA,FALSE,FALSE,n.s.
P97379,G3bp2,S[79.9663]ATPPPAEPASLPQEPPK,G3bp2 pS1,-2.7705507615983355e-4,NA,0.27351054602719493,NA,NA,FALSE,n.s.
Q00PI9,Hnrnpul2,S[79.9663]GDETPGSEAPGDK,Hnrnpul2 pS1,-0.32035698867340867,NA,1.1000432709451924,NA,NA,FALSE,n.s.
Q04888,Sox10,AS[79.9663]PGPGELGK,Sox10 pS2,-0.2157849021217133,NA,0.5750728239225105,NA,NA,FALSE,n.s.
Q08460,Kcnma1,LEDEQPPTLS[79.9663]PK,Kcnma1 pS10,0.02167867966252904,0.26622609747979487,-0.03911040479417364,NA,FALSE,FALSE,n.s.
Q3TWW8,Srsf6,SHS[79.9663]PLPAPPSK,Srsf6 pS3,-0.12694531439196943,NA,0.34839564030063125,NA,NA,FALSE,n.s.
Q3UH68,Limch1,VAKPKS[79.9663]PEPEATLTFPFLDK,Limch1 pS6,-0.8032346137793781,NA,0.1864814458356623,NA,NA,FALSE,n.s.
Q3UM45,Ppp1r7,HGGGGIVANLS[79.9663]EQS[79.9663]LKDGVDR,"Ppp1r7 pS11,S23",-0.47586677892389045,NA,0.5239956972172002,NA,NA,FALSE,n.s.
Q50H33,Kctd8,RNS[79.9663]ELFQSLISK,Kctd8 pS3,-0.4955850135383931,NA,0.17234614707819187,NA,NA,FALSE,n.s.
Q569Z6,Thrap3,ERS[79.9663]PALKS[79.9663]PLQSVVVR,"Thrap3 pS3,S17",-0.2032676034195959,NA,0.37763309784368926,NA,NA,FALSE,n.s.
Q5DTL9,Slc4a10,NAGQVVS[79.9663]PQSAPAC[57.0215]AENK,Slc4a10 pS7,-0.4645785818223487,0.7667591868767868,-0.5010893479137264,NA,FALSE,FALSE,n.s.
Q5EBJ4,Ermn,HREGS[79.9663]PLKEESLAR,Ermn pS5,-0.13179580099918883,NA,1.0354322003862748,NA,NA,FALSE,n.s.
Q5SNZ0,Ccdc88a,AGS[79.9663]PGSEVVTLQQFLEESNK,Ccdc88a pS3,-0.3262193290721725,NA,0.0529276627696723,NA,NA,FALSE,n.s.
Q61136,Prp4k,EVIEASDKEGLS[79.9663]PAKR,Prp4k pS12,-0.16770606911627892,0.3218805308053978,-0.45528565830059897,NA,FALSE,FALSE,n.s.
Q61337,Bad,RM[15.9949]S[79.9663]DEFEGSFK,Bad pS12,0.041131042328701684,NA,-0.033789926218606985,NA,NA,FALSE,n.s.
Q61609,Slc20a1,S[79.9663]SPSESPLM[15.9949]EK,Slc20a1 pS1,0.6744565646112594,NA,0.37989307696109187,0.7342295812050121,FALSE,FALSE,n.s.
Q62048,Pea15,DIIRQPS[79.9663]EEEIIK,Pea15 pS7,1.5633671949158838,0.5017159640332667,1.3283065755356884,NA,FALSE,FALSE,n.s.
Q62448,Eif4g2,TQT[79.9663]PPLGQTPQLGLK,Eif4g2 pT3,0.1377889117791773,NA,-0.20764737480436715,NA,NA,FALSE,n.s.
Q68FE6,Ripor1,PLTSPAPDS[79.9663]PEQIPK,Ripor1 pS9,-0.04012377571700176,NA,0.36744062859684323,NA,NA,FALSE,n.s.
Q6PD24,Ankrd13d,GPES[79.9663]PQKT[79.9663]PPSPAPPSFEEQLR,"Ankrd13d pS4,T17",-0.003982329533136606,NA,0.6758155763218379,NA,NA,FALSE,n.s.
Q6PGL7,Washc2,VDNARVS[79.9663]PEVGSADVASIAQK,Washc2 pS7,-0.13020352936828153,NA,0.19500843255386519,0.9638635655497164,FALSE,FALSE,n.s.
Q7TSJ2,Map6,GQS[79.9663]PTAPGPTK,Map6 pS3,-0.018252041990799436,NA,-0.10312536199382336,0.8577573587884262,FALSE,FALSE,n.s.
Q80TI0,Gramd1b,SSIETKPDAS[79.9663]PQLPK,Gramd1b pS10,-0.06349235007981971,0.8529631699803187,-0.08057671856873293,NA,FALSE,FALSE,n.s.
Q80TY0,Fnbp1,TVS[79.9663]DNSLSSSK,Fnbp1 pS3,-0.363215946393632,NA,0.4642265253781398,NA,NA,FALSE,n.s.
Q80U49,Cep170b,NGPS[79.9663]PTTPQTPGPQK,Cep170b pS4,0.13171708420692707,0.4618846519266052,-0.4065543554211777,NA,FALSE,FALSE,n.s.
Q80UJ7,Rab3gap1,FSVTHHYLVQES[79.9663]PDKER,Rab3gap1 pS12,-0.5248622218258653,NA,0.1684451098242013,NA,NA,FALSE,n.s.
Q80VC9,Camsap3,KFS[79.9663]PSQVPVQTR,Camsap3 pS3,0.0944398864949043,NA,-1.8542642744848794,NA,NA,FALSE,n.s.
Q8BJ42,Dlgap2,EKS[79.9663]LDLPDR,Dlgap2 pS3,-5.203848064074987,0.1736007839145179,0.45914455286723044,NA,FALSE,FALSE,n.s.
Q8BKX1,Baiap2,SLS[79.9663]PPQSQSK,Baiap2 pS3,-0.057610230142109684,NA,0.4924218893684989,NA,NA,FALSE,n.s.
Q8C079,Strip1,AAS[79.9663]PPASASDLIEQQQK,Strip1 pS3,-0.09693286015847458,NA,0.10603480273158912,NA,NA,FALSE,n.s.
Q8CFI0,Nedd4l,S[79.9663]LSSPTVTLSAPLEGAK,Nedd4l pS1,-0.1012634688032368,NA,0.3832967705217856,NA,NA,FALSE,n.s.
Q8CHG7,Rapgef2,S[79.9663]LGSLSQGSANATVLDVAQTGGHK,Rapgef2 pS1,0.3712023105246808,0.7595925468573619,0.7456022080565561,NA,FALSE,FALSE,n.s.
Q8JZQ9,Eif3b,AKPAAQSEEETATS[79.9663]PAAS[79.9663]PTPQSAER,"Eif3b pS14,S27",-0.1961769610771491,NA,0.1600952100497735,NA,NA,FALSE,n.s.
Q8K0T0,Rtn1,REQDS[79.9663]PPM[15.9949]KPGALDAIR,Rtn1 pS5,0.12930091375290212,NA,-0.02706182256141852,NA,NA,FALSE,n.s.
Q8K400,Stxbp5,KLS[79.9663]LPTDLKPDLDVK,Stxbp5 pS3,-0.05003009027325786,NA,0.5541431620547569,0.25703887475343,FALSE,FALSE,n.s.
Q8VH51,Rbm39,DKS[79.9663]PVREPIDNLTPEER,Rbm39 pS3,0.21601254694623312,0.9362352239281057,0.3001307879717763,NA,FALSE,FALSE,n.s.
Q921F2,Tardbp,LPNSKQS[79.9663]PDEPLR,Tardbp pS7,0.0037337104988441213,NA,-0.24062888574375932,NA,NA,FALSE,n.s.
Q9CYT6,Cap2,AQGQIRS[79.9663]PTK,Cap2 pS7,-0.7233919641407297,0.4454667078211642,-0.4429468669171646,NA,FALSE,FALSE,n.s.
Q9D898,Arpc5l,AFHAALRNS[79.9663]PINTK,Arpc5l pS9,-0.09417298817458504,NA,0.32234033700194975,NA,NA,FALSE,n.s.
Q9DBC7,Prkar1a,EDEIS[79.9663]PPPPNPVVK,Prkar1a pS5,0.28130400719795395,NA,-0.5785910791138635,NA,NA,FALSE,n.s.
Q9EPN1,Nbea,TPLENVPGNLS[79.9663]PIKDPDR,Nbea pS11,-0.024568593728067405,0.5689974247041254,0.1305469842086267,NA,FALSE,FALSE,n.s.
Q9QX47,Son,ESAQAVAVALS[79.9663]PK,Son pS11,-0.15225029234867882,NA,0.44147660627654667,NA,NA,FALSE,n.s.
Q9QXG4,Acss2,AELGM[15.9949]NDS[79.9663]PSQSPPVK,Acss2 pS17,0.014079301312883367,NA,-0.07265300976955388,NA,NA,FALSE,n.s.
Q9QYC0,Add1,SPPDQSAVPNT[79.9663]PPS[79.9663]TPVKLEEDLPQEPTSR,"Add1 pT11,S23",-0.08026495218197319,0.8588363870996844,0.10805566738599985,NA,FALSE,FALSE,n.s.
Q9WTQ5,Akap12,AEADASGNLTKES[79.9663]PDTNGPK,Akap12 pS13,0.25102617326490667,NA,-0.6760150304144048,0.3150141646133396,FALSE,FALSE,n.s.
Q9WTX2,Prkra,EDS[79.9663]GTFSLGK,Prkra pS3,-0.2252869549075746,NA,0.5462664613121422,0.6268808719526413,FALSE,FALSE,n.s.
Q9WV69,Dmtn,EC[57.0215]SLS[79.9663]PK,Dmtn pS14,-0.41986174589518743,NA,0.12251908070691467,NA,NA,FALSE,n.s.
Q9Z2C9,Mtmr7,S[79.9663]PSQGDEDSALILTQDNLK,Mtmr7 pS1,-0.08311097931767512,NA,0.02501278273077891,NA,NA,FALSE,n.s.
A0A0R4J1T1,Sorbs2,RKS[79.9663]EPAVGPLR,Sorbs2 pS3,0.28501399175268377,NA,0.1722879383907935,NA,NA,NA,n.s.
A2APV2,Fmnl2,LLEQEALM[15.9949]EQQDAKS[79.9663]PSHK,Fmnl2 pS24,-0.3475551300031872,NA,-0.3555750171864494,NA,NA,NA,n.s.
B1AWC8,Pde4b,SGNQVSEYISNTFLDKQNDVEIPS[79.9663]PTQK,Pde4b pS24,-0.4430145476786501,NA,-0.317904599220395,NA,NA,NA,n.s.
B9EHE8,R3hdm1,AAS[79.9663]TDLGAGEAVVGK,R3hdm1 pS3,0.5240938295474624,NA,0.03732350482314561,NA,NA,NA,n.s.
D3YVE8,Slc35g2,REDYQEILDS[79.9663]PIK,Slc35g2 pS10,-0.28814190317182975,NA,-0.045616361674692546,NA,NA,NA,n.s.
O35633,Slc32a1,GGAPLPPSGS[79.9663]KDQAVGAGGEFGGHDKPK,Slc32a1 pS10,0.30034373721008795,NA,0.11406190021136187,NA,NA,NA,n.s.
O35681,Syt3,KLHFS[79.9663]VYDFDR,Syt3 pS5,-1.7872866383662103,NA,-0.07781427346463617,NA,NA,NA,n.s.
O54774,Ap3d1,NAEAVKS[79.9663]PEKEGVLGVEK,Ap3d1 pS7,0.11924140728415421,NA,0.1405512872291691,NA,NA,NA,n.s.
O88196,Ttc3,KQDS[79.9663]DEM[15.9949]PFGC[57.0215]IK,Ttc3 pS4,0.45786701770068033,NA,0.0162551229539612,NA,NA,NA,n.s.
O88487,Dync1i2,EAEALLQSM[15.9949]GLTTDSPIVPPPM[15.9949]S[79.9663]PSSK,Dync1i2 pS41,0.37449429964211955,NA,0.34908192987556025,NA,NA,NA,n.s.
O88587,Comt,AVYQGPGSS[79.9663]PVKS,Comt pS9,-0.12582174437364485,NA,-0.1424877942645966,NA,NA,NA,n.s.
O88910,Mpp3,TTGTLPS[79.9663]PQNFK,Mpp3 pS7,-0.13537084312586747,NA,-0.6898811445380317,NA,NA,NA,n.s.
P08551,Nefl,KEES[79.9663]AGEEQVAK,Nefl pS4,-0.9606294155357369,NA,-0.46067736661190595,NA,NA,NA,n.s.
P0C192,Lrrc4b,S[79.9663]GSKENVQETQI,Lrrc4b pS1,0.0697578458288361,NA,0.5672561205979573,NA,NA,NA,n.s.
P11499,Hsp90ab1,IEDVGS[79.9663]DEEDDSGKDKK,Hsp90ab1 pS6,-3.1871401953384346,NA,-0.7135478477059349,NA,NA,NA,n.s.
P61979,Hnrnpk,GS[79.9663]YGDLGGPIITTQVTIPK,Hnrnpk pS2,0.02182423735229576,NA,0.19230104900314166,NA,NA,NA,n.s.
P62484,Abi2,TTPPTQKPPS[79.9663]PPM[15.9949]SGK,Abi2 pS10,0.02814068076437695,NA,0.19841528399332437,NA,NA,NA,n.s.
P63042,Stmn4,RDPS[79.9663]LEEIQK,Stmn4 pS4,0.07387438929330988,NA,0.2158970017181257,NA,NA,NA,n.s.
P70392,Rasgrf2,KLS[79.9663]LTSSLNSR,Rasgrf2 pS3,0.23248977127581302,NA,0.24563891786585274,NA,NA,NA,n.s.
P70414,Slc8a1,GM[15.9949]IIEHEGDRPAS[79.9663]KTEIEM[15.9949]DGK,Slc8a1 pS22,-0.17899477203579794,NA,-0.4500822513727081,NA,NA,NA,n.s.
P97434,Mprip,AATEALGEKS[79.9663]PEGTTVSGYDIM[15.9949]K,Mprip pS10,-0.07184031623240457,NA,-0.9385856217317825,NA,NA,NA,n.s.
P97798,Neo1,LELKPIDKS[79.9663]PDPNPVM[15.9949]TDTPIPR,Neo1 pS9,0.35238870303647407,NA,0.05578885863602048,NA,NA,NA,n.s.
Q02819,Nucb1,SGKLS[79.9663]QELDFVSHNVR,Nucb1 pS5,-0.20561254108676066,NA,-0.16944502557617397,NA,NA,NA,n.s.
Q3THL7,Vdac1,LTFDSSFS[79.9663]PNTGK,Vdac1 pS8,0.26143823296906465,NA,0.6113853813446868,NA,NA,NA,n.s.
Q3TQI7,,VGDTEKPEPERS[79.9663]PPNR,NA,-0.08076858930828862,NA,-0.09182482086652835,NA,NA,NA,n.s.
Q3UCQ1,Foxk2,EGS[79.9663]PAPLEPEPGASQPK,Foxk2 pS3,0.004012805366961035,NA,0.2249005884462094,NA,NA,NA,n.s.
Q3UNH4,Gprin1,DLAAAAAQKS[79.9663]PSAEAAAPPPGPR,Gprin1 pS10,-0.3367576002151669,NA,-0.2657365550048557,NA,NA,NA,n.s.
Q4QQM4,Trp53i11,KHS[79.9663]QTDLVSR,Trp53i11 pS3,-0.12747246830355088,NA,-0.1337136818272445,NA,NA,NA,n.s.
Q4VA53,Pds5b,AES[79.9663]PETSAVESTQSTPQK,Pds5b pS3,0.14411021986118872,NA,0.4023341037064358,NA,NA,NA,n.s.
Q52KE7,Ccnl1,AEEKS[79.9663]PVSINVK,Ccnl1 pS5,0.05191088108194589,NA,0.4861451781135377,NA,NA,NA,n.s.
Q60668,Hnrnpd,IDASKNEEDEGHSNS[79.9663]SPR,Hnrnpd pS15,-0.617937170095709,NA,-0.08473121089652937,NA,NA,NA,n.s.
Q61037,Tsc2,IDIGRLS[79.9663]PEAK,Tsc2 pS7,0.4105975259794252,NA,0.7730662443808016,NA,NA,NA,n.s.
Q61361,Bcan,ELETPS[79.9663]EEKSGR,Bcan pS6,-0.7768064885017343,NA,-0.4089337915179086,NA,NA,NA,n.s.
Q61699,Hsph1,IES[79.9663]PKLER,Hsph1 pS3,1.4330328824916292,NA,0.08236538676054506,NA,NA,NA,n.s.
Q62093,Srsf2,S[79.9663]RS[79.9663]PPPVSK,"Srsf2 pS1,S12",0.14066671587961596,NA,2.08567764965418,NA,NA,NA,n.s.
Q66L44,Cbarp,HAS[79.9663]LDGASPYFK,Cbarp pS3,0.13310432284302312,NA,0.08058659117856655,NA,NA,NA,n.s.
Q69ZS8,Kazn,THSLC[57.0215]NGDS[79.9663]PGPVQK,Kazn pS18,-0.3908277750357426,NA,-0.4779330164841353,NA,NA,NA,n.s.
Q6P1Y8,Inpp4b,KPPS[79.9663]PNVSTEEK,Inpp4b pS4,-0.9938990377709307,NA,-0.0017761180709792016,NA,NA,NA,n.s.
Q6P4S6,Sik3,RAS[79.9663]DGGANIQLHAQQLLK,Sik3 pS3,-0.23517388722990445,NA,-0.048863768207349605,NA,NA,NA,n.s.
Q7TQH0,Atxn2l,EVDGLLTSDPM[15.9949]GS[79.9663]PVSSK,Atxn2l pS22,0.23342385679946828,NA,0.3632917726812828,NA,NA,NA,n.s.
Q80U23,Snph,SSTYTKLS[79.9663]DPAVC[57.0215]GDR,Snph pS8,0.43164996700516484,NA,0.4678837564656514,NA,NA,NA,n.s.
Q80U58,Pum2,GKAS[79.9663]PFEEDQNR,Pum2 pS4,-0.3933588196163146,NA,-0.26875248665814616,NA,NA,NA,n.s.
Q8BG92,Clvs2,DVDKELS[79.9663]PK,Clvs2 pS7,0.4241440578173727,NA,0.6475672152838938,NA,NA,NA,n.s.
Q8C9H6,Strip2,AAS[79.9663]PPSYTLDLGESQLAPPPSK,Strip2 pS3,-0.22843449923237027,NA,-0.6835993977970403,NA,NA,NA,n.s.
Q8CBH5,Mfsd6,VAILT[79.9663]DDEEEQKR,Mfsd6 pT5,-0.22462026907632268,NA,-0.18697097036464783,NA,NA,NA,n.s.
Q8CDG3,Vcpip1,ES[79.9663]SPSHGLLK,Vcpip1 pS2,0.1670248756939769,NA,0.00989354092071054,NA,NA,NA,n.s.
Q8K4I3,Arhgef6,EIKPSERPLS[79.9663]PK,Arhgef6 pS10,0.6415419421385219,NA,0.2698164014633212,NA,NA,NA,n.s.
Q8K4Q0,Rptor,ILDTSSLTQSAPAS[79.9663]PTNK,Rptor pS14,-0.047591044821838784,NA,-0.1924090016376917,NA,NA,NA,n.s.
Q8R0A7,Kiaa0513,TVTM[15.9949]IS[79.9663]PEDEQK,Kiaa0513 pS15,0.2539802345573875,NA,0.009349367264589641,NA,NA,NA,n.s.
Q8VCI5,Pex19,AKPS[79.9663]PEHAPTISAPDASGPQK,Pex19 pS4,0.4911825490056944,NA,0.594128819702698,NA,NA,NA,n.s.
Q920I9,Wdr7,TYQVPPVQPAS[79.9663]PGSHNALK,Wdr7 pS11,-0.18262641545244446,NA,-0.06389019871072375,NA,NA,NA,n.s.
Q99J21,Mcoln1,SELQAYIEQC[57.0215]QDS[79.9663]PTSGK,Mcoln1 pS22,-0.7012117292919555,NA,-0.32393674751079093,NA,NA,NA,n.s.
Q99J45,Nrbp1,n[42.0106]SEGES[79.9663]QTVVSSGSDPK,Nrbp1 pS15,0.22548135519265394,NA,0.3819706097591004,NA,NA,NA,n.s.
Q99MP8,Brap,EQSESVNTAPES[79.9663]PSK,Brap pS12,0.3702105134335898,NA,0.8112507964196151,NA,NA,NA,n.s.
Q99PL6,Ubxn6,GKS[79.9663]PQLALR,Ubxn6 pS3,0.3284710654324429,NA,0.13152724247014533,NA,NA,NA,n.s.
Q9D0V7,Ebag9,KLS[79.9663]GDQITLPTTVDYSSVPK,Ebag9 pS3,-2.000911838663979,NA,-1.7094327651133345,NA,NA,NA,n.s.
Q9DBR7,Ppp1r12a,DKKS[79.9663]PLIESTANM[15.9949]ENNQPQK,Ppp1r12a pS4,-0.038751202890792494,NA,-0.5995511881133225,NA,NA,NA,n.s.
Q9ERZ4,Chrm2,KEPVANQDPVS[79.9663]PSLVQGR,Chrm2 pS11,-0.09332125438566867,NA,-0.38266169043387976,NA,NA,NA,n.s.
Q9JI99,Sgpp1,RNS[79.9663]LTGEEGELVK,Sgpp1 pS3,0.18517741194540951,NA,0.2098139496662836,NA,NA,NA,n.s.
Q9JMA1,Usp14,VNQQPNANDKNS[79.9663]PPK,Usp14 pS12,-0.45019004221298914,NA,-0.5618897149789286,NA,NA,NA,n.s.
Q9QYI5,Dnajb2,GEAAKLS[79.9663]PSSEEK,Dnajb2 pS7,-0.4611856334398908,NA,-0.01257847167016386,NA,NA,NA,n.s.
Q9Z107,Pakap,AELVLIDEDDEKS[79.9663]LR,Pakap pS13,-1.2734574487625396,NA,-0.4079799435222445,NA,NA,NA,n.s.
