protein_id,gene,log2FC_Cer,p_Cer,log2FC_BS,p_BS,sig_in_either,concordant,class
D0VYV6,Epb41l3,1.1851873437535498,0.1271203372038697,-1.0536759597151617,0.26423629897065715,FALSE,FALSE,n.s.
Q80WJ7,Mtdh,-0.6167861934051668,0.13994903358286237,-0.33139071007759024,0.2807987600787278,FALSE,FALSE,n.s.
P62071,Rras2,-0.6812716570067255,0.1445546834915094,-0.6296589031870845,0.3003223763512948,FALSE,FALSE,n.s.
A0A0U1RPW2,Tjp1,0.20964947218182764,0.31974056277836915,-1.0780710617299636,0.1511678745289893,FALSE,FALSE,n.s.
P14873,Map1b,-0.6264494912743556,0.24444196773724217,-0.5528599394502424,0.2953992516973773,FALSE,FALSE,n.s.
O88737,Bsn,-1.1596440981228329,0.5266778105354767,0.386514847397454,0.09728738459323692,FALSE,FALSE,n.s.
Q8K070,Samd14,-0.23489282260426805,0.5549691810480155,0.5278277848547481,0.08553288475214063,FALSE,FALSE,n.s.
Q91XV3,Basp1,1.4024146498496082,0.5901428033535263,-1.0328347418198844,0.06595972009177865,FALSE,FALSE,n.s.
Q99P72,Rtn4,-0.5777750471310404,0.5032510521582261,-0.8602422628586438,0.2105917579573127,FALSE,FALSE,n.s.
Q91XM9,Dlg2,-1.2308307552159883,0.20932705705537824,-0.365006928214782,0.6335077674466678,FALSE,FALSE,n.s.
Q811P8,Arhgap32,-0.9291250000175506,0.15250594706370857,-0.26432939812165435,0.6986621149797307,FALSE,FALSE,n.s.
Q8CJ19,Mical3,-0.2634564973632137,0.3567922154473145,-0.1890420150088509,0.5366587367951126,FALSE,FALSE,n.s.
P19246,Nefh,-0.4503228987354893,0.11561210040090054,-0.06774875167486326,0.8296462744316306,FALSE,FALSE,n.s.
Q8VD37,Sgip1,1.9336221040664758,0.27944207441354174,0.5843694672582069,0.722222522059947,FALSE,FALSE,n.s.
Q5XJV6,Lmtk3,0.6140573694978855,0.2752840631432532,-0.1180869225146499,0.7430039880839372,FALSE,FALSE,n.s.
Q6PER3,Mapre3,0.8761456065202494,0.4842480934475166,0.5079104603515809,0.5629114879680578,FALSE,FALSE,n.s.
P43276,H1-5,-0.33289481132448007,0.7427326337115938,1.4839993321642462,0.33548780058268557,FALSE,FALSE,n.s.
P54227,Stmn1,-0.9946028604464098,0.37716553081678156,0.47878309923972134,0.7190914833491032,FALSE,FALSE,n.s.
P17182,Eno1,-0.6652134457987675,0.5721036343432486,0.68291968440187,0.5570130858485521,FALSE,FALSE,n.s.
Q9ES28,Arhgef7,-1.037981264545915,0.35887254177452815,0.15541261236349022,0.7838359106630602,FALSE,FALSE,n.s.
P16014,Chgb,-1.127535953698131,0.5867889096831402,0.2655441285181876,0.5580964812963914,FALSE,FALSE,n.s.
P20357,Map2,0.2965334612906539,0.6302507766065382,-0.33615644165829844,0.5861114561931546,FALSE,FALSE,n.s.
Q9QYX7,Pclo,-0.2189215277427169,0.7256124846785266,-0.8310325683183638,0.49103305021730226,FALSE,FALSE,n.s.
Q9ESN6,Trim2,-0.9892276338149519,0.500965494761775,-0.3961272439170542,0.7191287481064468,FALSE,FALSE,n.s.
Q6P9K8,Caskin1,1.1132895430271785,0.305209393442805,-0.07328397017793509,0.9218756128051638,FALSE,FALSE,n.s.
Q8BTI8,Srrm2,-0.4192447237534129,0.2813214618492467,-0.026632209781281124,0.9461853394462341,FALSE,FALSE,n.s.
Q69ZH9,Arhgap23,0.046480691675473626,0.9245367653851975,0.40676634530261785,0.3168258161223406,FALSE,FALSE,n.s.
A0AAQ4VMY7,Dpysl2,0.48256933532589963,0.7649390823392435,-1.2148866828052445,0.48196090557972354,FALSE,FALSE,n.s.
P35802,Gpm6a,-0.6841886604335886,0.54903206732693,-0.5583237928239965,0.7096683645554682,FALSE,FALSE,n.s.
P06837,Gap43,-0.6311034989621852,0.6425592811257894,0.7281562535961369,0.6302807540055498,FALSE,FALSE,n.s.
Q9Z0R4,Itsn1,-0.6652271655387734,0.4210551659283186,0.2669885421356102,0.8542272244286767,FALSE,FALSE,n.s.
E9Q3M9,Cracdl,-1.1412437497414218,0.31183842909438764,0.01351854688961435,0.9855116712623082,FALSE,FALSE,n.s.
A0A0G2JDN7,Map4,-0.3925004198921385,0.6815430875382325,-0.36476712152587215,0.663537410777649,FALSE,FALSE,n.s.
Q9QXZ0,Macf1,0.3064221526887607,0.7000947901796388,-0.5540894776385806,0.6620116873408182,FALSE,FALSE,n.s.
O70166,Stmn3,0.47748910536214223,0.40617046457426587,0.007119020173315676,0.9786687122181922,FALSE,FALSE,n.s.
P70399,Tp53bp1,-0.015168176572780757,0.9822438695246889,0.6047249516751296,0.42094864865563164,FALSE,FALSE,n.s.
Q9Z0U1,Tjp2,0.5687745352694908,0.5652897487009895,0.3001715717832565,0.8575696272812269,FALSE,FALSE,n.s.
Q62261,Sptbn1,-0.24402644356959377,0.8163894235137271,-0.36781342535476297,0.6133136829727142,FALSE,FALSE,n.s.
A2AJI0,Map7d1,-0.2220930334372274,0.8360803554117844,-0.4494742443830408,0.6093515552017289,FALSE,FALSE,n.s.
Q9ESN9,Mapk8ip3,-1.1588412520266091,0.5232923791602436,-0.08875068830771118,0.9552350753279617,FALSE,FALSE,n.s.
Q9QYB8,Add2,0.05710407317081483,0.9251884409728974,0.31655205890585797,0.571156938262279,FALSE,FALSE,n.s.
B2RW11,Ankrd34a,-1.005805321356031,0.5604071894556517,0.04890098602412225,0.9500935015260632,FALSE,FALSE,n.s.
Q9QYR6,Map1a,-0.23853209178245882,0.5716273098042167,0.012677167096913272,0.9766232482944224,FALSE,FALSE,n.s.
Q8BPN8,Dmxl2,0.04770941265950757,0.9814603614638044,0.9417244548263639,0.5772611084591908,FALSE,FALSE,n.s.
A2ALS5,Rap1gap,0.34147258270103875,0.8299639741883055,-0.5143722987726926,0.7373333213737963,FALSE,FALSE,n.s.
Q80U28,Madd,-0.42688070193805333,0.7433303653527148,0.2504789284675941,0.8257320887828059,FALSE,FALSE,n.s.
Q9CZ44,Nsfl1c,-0.6249904787731484,0.7577397073869367,0.38907146567253614,0.8292311174750542,FALSE,FALSE,n.s.
P26645,Marcks,-0.5400078906746468,0.6795978395757569,0.1469803577087297,0.9182586281194751,FALSE,FALSE,n.s.
P70663,Sparcl1,-0.3360064618318311,0.7755528658950422,0.24119536136193087,0.8288606421556888,FALSE,FALSE,n.s.
D3YXK2,Safb,-0.1813942182818078,0.8175885276058237,-0.1502000151549719,0.794997312894966,FALSE,FALSE,n.s.
Q8CH25,Sltm,-0.4699756819470657,0.7166425578763536,-0.05709704143569616,0.9043394912342761,FALSE,FALSE,n.s.
E9Q7S0,Synj1,0.2487998694597098,0.7949092774772933,0.059354726249308605,0.8748332966638406,FALSE,FALSE,n.s.
P10711,Tcea1,-0.6053067491419348,0.6967407746364505,0.01632706387259507,0.9894864615742984,FALSE,FALSE,n.s.
P51859,Hdgf,0.2118808641709593,0.8298226646978466,-0.19325577214725967,0.8632269769795033,FALSE,FALSE,n.s.
A2ALU4,Shroom2,0.09677297520465795,0.9198937959947675,0.22944358732100734,0.7991543617304515,FALSE,FALSE,n.s.
Q8K2P7,Slc38a1,0.20779054965530253,0.8822416615020323,0.15506465275571116,0.8691216084424911,FALSE,FALSE,n.s.
Q8K019,Bclaf1,-0.057936613203673784,0.9201749539308923,-0.1049808485977806,0.8492054540338974,FALSE,FALSE,n.s.
Q7TQD2,Tppp,-0.08287670994601624,0.9679528725552881,0.6233117497629611,0.8107742433837953,FALSE,FALSE,n.s.
Q6PDG5,Smarcc2,0.33785113637470116,0.8423623639805049,0.08339920340824895,0.9670734960406044,FALSE,FALSE,n.s.
Q9EPJ9,Arfgap1,-0.12392958600411239,0.9380097673804919,-0.14491348628168166,0.9110192898028016,FALSE,FALSE,n.s.
Q9QZQ1,Afdn,-0.009525865197095001,0.9909462992714151,0.12074899790732514,0.884552812224686,FALSE,FALSE,n.s.
Q68FH0,Pkp4,-0.050792012500748,0.9374334587415396,-0.08325111155205267,0.9393040977746386,FALSE,FALSE,n.s.
P13595,Ncam1,0.038508497746521264,0.9726518491313678,0.041930342491416646,0.974075588321696,FALSE,FALSE,n.s.
A0A0A6YW34,Pcdh7,0.22665297454054206,0.8343479618255127,-0.40101043426520555,NA,FALSE,FALSE,n.s.
A0A0R4J1T1,Sorbs2,-0.639056978385219,NA,0.1722879383907935,NA,NA,FALSE,n.s.
A0A1L1SQ51,Tln2,0.001214577102813154,NA,-0.08159220044418354,NA,NA,FALSE,n.s.
A0A411P8U6,Mbp,-4.6275300211541355,NA,-2.4449932298986417,0.5806617329248867,FALSE,FALSE,n.s.
A2A5R2,Arfgef2,0.5448387250041548,NA,-0.6135725304138611,NA,NA,FALSE,n.s.
A2AAE1,Bltp1,-0.833264957550516,NA,0.015325171740200339,NA,NA,FALSE,n.s.
A2AI08,Tprn,-0.7466626190843078,NA,0.04715511030221812,NA,NA,FALSE,n.s.
B1AY13,Usp24,1.3251709425226843,NA,0.1843715323341719,0.9227825226598392,FALSE,FALSE,n.s.
B2RUJ5,Apba1,-0.38632946857605144,NA,0.24249464846094504,NA,NA,FALSE,n.s.
B2RY56,Rbm25,-0.04904488751273687,NA,0.06851941733602115,NA,NA,FALSE,n.s.
B6ZHC5,Epb41l2,-2.023212777836173,NA,-0.35408115031880505,0.5496307168739367,FALSE,FALSE,n.s.
B9EHE8,R3hdm1,-0.2556198747595475,NA,0.03732350482314561,NA,NA,FALSE,n.s.
B9EJ80,Pdzd8,-0.4692674342385709,NA,-0.5694407653323209,0.6726194748541641,FALSE,FALSE,n.s.
D3YVF0,Akap5,-0.7338199253410278,0.22514419675784209,-0.34307615471457403,NA,FALSE,FALSE,n.s.
E9PUA3,Iqsec1,-0.650416486388659,NA,0.6758664086349482,NA,NA,FALSE,n.s.
E9QB02,Mars1,-0.06832635615026504,NA,0.048125348101247335,NA,NA,FALSE,n.s.
F2Z3U3,Raph1,0.5817283848646995,0.7251453402586776,0.40165018376845374,NA,FALSE,FALSE,n.s.
F8WHQ1,Tpd52,-0.08318061598813935,0.8584858082324458,0.3038815712401027,NA,FALSE,FALSE,n.s.
H3BJD0,Ppp1r9a,-0.5523677813234479,0.4725814235356944,0.5369786929197934,NA,FALSE,FALSE,n.s.
O08539,Bin1,0.1583085487384774,NA,-1.2839180998270934,NA,NA,FALSE,n.s.
O35136,Ncam2,0.4655406541860689,NA,-1.0682953778307245,NA,NA,FALSE,n.s.
O35927,Ctnnd2,0.7494738251416199,0.15539711232520503,0.20785187171617958,NA,FALSE,FALSE,n.s.
P0C7L0,Wipf3,0.13487396739411006,NA,-0.6790237802867429,NA,NA,FALSE,n.s.
P11499,Hsp90ab1,0.012427409675336745,NA,-0.050126055055192985,NA,NA,FALSE,n.s.
P16054,Prkce,-0.4955354701424006,0.43913599777590473,-1.5533957437504466,NA,FALSE,FALSE,n.s.
P17183,Eno2,-0.2649301421874906,0.5430902858570265,-0.30388601284768796,NA,FALSE,FALSE,n.s.
P26369,U2af2,0.05007833959483501,NA,-0.2552293396765916,NA,NA,FALSE,n.s.
P28028,Braf,-0.8814067421588567,NA,0.029577175492289828,NA,NA,FALSE,n.s.
P28667,Marcksl1,0.65821515949028,0.18998978943686196,-0.3497417763701577,NA,FALSE,FALSE,n.s.
P43006,Slc1a2,-0.47538777481602573,NA,0.1384293164295183,NA,NA,FALSE,n.s.
P46460,Nsf,-0.6156226642367656,NA,0.183555211122396,NA,NA,FALSE,n.s.
P49312,Hnrnpa1,3.013318702182679,NA,-0.40784995884484265,NA,NA,FALSE,n.s.
P59808,Sash1,-0.48749379613486654,NA,0.1529861347919644,NA,NA,FALSE,n.s.
P63141,Kcna2,-1.0990571774462887,NA,0.5048765372491428,0.5643070440415991,FALSE,FALSE,n.s.
P70392,Rasgrf2,-1.3652936710739358,NA,0.24563891786585274,NA,NA,FALSE,n.s.
P70429,Evl,-0.11486894208729333,NA,0.3998481902300071,NA,NA,FALSE,n.s.
P83510,Tnik,-0.26137747885102874,0.9288393492558605,0.3191893029839459,NA,FALSE,FALSE,n.s.
P97379,G3bp2,-2.7705507615983355e-4,NA,0.27351054602719493,NA,NA,FALSE,n.s.
P97445,Cacna1a,-0.387723290825092,0.5700081946755362,0.2368614320237602,NA,FALSE,FALSE,n.s.
Q00PI9,Hnrnpul2,-0.32035698867340867,NA,1.1000432709451924,NA,NA,FALSE,n.s.
Q04690,Nf1,-0.9547253826473399,NA,0.7321030194894659,NA,NA,FALSE,n.s.
Q04888,Sox10,-0.2157849021217133,NA,0.5750728239225105,NA,NA,FALSE,n.s.
Q04899,Cdk18,0.7992779431319426,NA,-0.10974524803005066,0.8986306162984647,FALSE,FALSE,n.s.
Q08460,Kcnma1,-2.1559527020618368,0.26622609747979487,0.24841797407982266,NA,FALSE,FALSE,n.s.
Q148V7,Relch,0.029673652090007472,NA,-1.0876337317250633,0.254927894224119,FALSE,FALSE,n.s.
Q14CH0,Fam171b,-0.6996694714316001,0.5530974823694557,-0.13969997689297664,NA,FALSE,FALSE,n.s.
Q3TWW8,Srsf6,-0.12694531439196943,NA,0.34839564030063125,NA,NA,FALSE,n.s.
Q3TXS7,Psmd1,-0.4401530310952537,NA,0.01209193378935945,NA,NA,FALSE,n.s.
Q3UH68,Limch1,-0.24089212644082647,NA,0.1864814458356623,NA,NA,FALSE,n.s.
Q3UH99,Shisa6,-0.014453783185891049,0.9555226110061867,0.2326391676291099,NA,FALSE,FALSE,n.s.
Q3UYC0,Ppm1h,0.03409984396062008,0.963704426706917,0.6577352009989064,NA,FALSE,FALSE,n.s.
Q50H33,Kctd8,-0.4955850135383931,NA,0.17234614707819187,NA,NA,FALSE,n.s.
Q569Z6,Thrap3,-0.2032676034195959,NA,0.37763309784368926,NA,NA,FALSE,n.s.
Q56A07,Scn2b,-1.600423838210455,0.438774178468925,0.605423174756303,NA,FALSE,FALSE,n.s.
Q58A65,Spag9,-1.2748694291676743,NA,0.3423116173921859,NA,NA,FALSE,n.s.
Q5DQR4,Stxbp5l,-0.2108397810119453,NA,0.5643997336745343,NA,NA,FALSE,n.s.
Q5DTL9,Slc4a10,-0.2921668769473443,0.7667591868767868,-0.9890666109304003,NA,FALSE,FALSE,n.s.
Q5EBJ4,Ermn,-0.13179580099918883,NA,1.0354322003862748,NA,NA,FALSE,n.s.
Q5FWK3,Arhgap1,-0.03513218511682377,NA,0.19331113016922086,NA,NA,FALSE,n.s.
Q5SNZ0,Ccdc88a,-0.3262193290721725,NA,0.0529276627696723,NA,NA,FALSE,n.s.
Q5SVL6,Rap1gap2,-1.8160600921381382,NA,1.4608352322898053,NA,NA,FALSE,n.s.
Q5SXY1,Specc1,0.04194488015234167,NA,-0.2062303676330179,NA,NA,FALSE,n.s.
Q61136,Prp4k,-0.4337582280190231,0.3218805308053978,-0.45528565830059897,NA,FALSE,FALSE,n.s.
Q61315,Apc,-0.7706292557546682,0.6282020403513537,-0.22035955334488957,NA,FALSE,FALSE,n.s.
Q61337,Bad,0.041131042328701684,NA,-0.033789926218606985,NA,NA,FALSE,n.s.
Q61410,Prkg2,-0.011376723718211404,0.9628023151424674,-0.15240213353462898,NA,FALSE,FALSE,n.s.
Q61609,Slc20a1,0.038073592685474375,NA,0.3053843210776041,0.7342295812050121,FALSE,FALSE,n.s.
Q62048,Pea15,1.2095427499313716,0.5017159640332667,-0.02008167648956561,NA,FALSE,FALSE,n.s.
Q62417,Sorbs1,-0.933004911224572,NA,0.6402863235353172,0.6004794791409771,FALSE,FALSE,n.s.
Q62448,Eif4g2,0.1377889117791773,NA,-0.20764737480436715,NA,NA,FALSE,n.s.
Q68FE6,Ripor1,-0.04012377571700176,NA,0.36744062859684323,NA,NA,FALSE,n.s.
Q69ZZ6,Tmcc1,0.11272637012781758,NA,-0.113011547773691,NA,NA,FALSE,n.s.
Q6A065,Cep170,-0.4806920504199403,NA,0.7643457473681451,NA,NA,FALSE,n.s.
Q6DFV3,Arhgap21,-1.4064761749093482,0.2646713387796976,-0.5930715752695355,NA,FALSE,FALSE,n.s.
Q6P4S6,Sik3,-0.23517388722990445,NA,0.8668778282679,NA,NA,FALSE,n.s.
Q6PD24,Ankrd13d,-0.003982329533136606,NA,0.6758155763218379,NA,NA,FALSE,n.s.
Q6PGL7,Washc2,-0.13020352936828153,NA,-0.03449350158110993,0.9638635655497164,FALSE,FALSE,n.s.
Q6Y685,Tacc1,-0.4162881533706212,NA,0.05887439850374258,NA,NA,FALSE,n.s.
Q7TMY8,Huwe1,-0.39433835685495644,NA,2.1730153782352164,NA,NA,FALSE,n.s.
Q7TSJ2,Map6,-2.2012172298307036,NA,-0.5510287920842633,0.8577573587884262,FALSE,FALSE,n.s.
Q80TI0,Gramd1b,0.04488623329722521,0.8529631699803187,-0.9312789230403614,NA,FALSE,FALSE,n.s.
Q80TY0,Fnbp1,-0.363215946393632,NA,0.4642265253781398,NA,NA,FALSE,n.s.
Q80U49,Cep170b,-0.23269938423600398,0.4618846519266052,-0.4065543554211777,NA,FALSE,FALSE,n.s.
Q80UJ7,Rab3gap1,-0.5248622218258653,NA,0.1684451098242013,NA,NA,FALSE,n.s.
Q80VC9,Camsap3,0.0944398864949043,NA,-1.8542642744848794,NA,NA,FALSE,n.s.
Q80X50,Ubap2l,0.2225467161885863,NA,-0.16882314446617755,NA,NA,FALSE,n.s.
Q80X80,C2cd2l,-1.7569900943713335,NA,2.089047552618916,NA,NA,FALSE,n.s.
Q8BGD9,Eif4b,-0.8575294674217573,NA,1.0078694269321526,NA,NA,FALSE,n.s.
Q8BJ42,Dlgap2,-2.783125370876611,0.1736007839145179,0.45914455286723044,NA,FALSE,FALSE,n.s.
Q8BKX1,Baiap2,-0.057610230142109684,NA,0.4924218893684989,NA,NA,FALSE,n.s.
Q8BRT1,Clasp2,-1.2632086537426293,NA,0.6309629882862543,0.7228900961537024,FALSE,FALSE,n.s.
Q8C079,Strip1,-0.09693286015847458,NA,0.10603480273158912,NA,NA,FALSE,n.s.
Q8C0D4,Arhgap12,-1.2044702561362197,NA,0.2517241222444351,NA,NA,FALSE,n.s.
Q8CCT4,Tceal5,1.2489476548457616,NA,-0.3023952252985253,NA,NA,FALSE,n.s.
Q8CFI0,Nedd4l,-0.1012634688032368,NA,0.3832967705217856,NA,NA,FALSE,n.s.
Q8CHG7,Rapgef2,-0.19308500143203355,0.7595925468573619,0.7456022080565561,NA,FALSE,FALSE,n.s.
Q8JZQ9,Eif3b,-0.1961769610771491,NA,0.1600952100497735,NA,NA,FALSE,n.s.
Q8K310,Matr3,0.4638110287334147,NA,-0.9730993212211875,NA,NA,FALSE,n.s.
Q8K400,Stxbp5,-1.2332737737657997,NA,1.1710523973223015,0.25703887475343,FALSE,FALSE,n.s.
Q8K4G5,Ablim1,0.5325225662242506,NA,-0.3507058603139829,NA,NA,FALSE,n.s.
Q8R3I2,Mboat2,0.0830792243266699,NA,0.2220203373574724,0.35764783761248525,FALSE,FALSE,n.s.
Q8R3Q2,Ppp6r2,-1.940441006741236,0.42914213225872405,-0.038865163190442364,NA,FALSE,FALSE,n.s.
Q8VH51,Rbm39,0.16903764739899843,0.9362352239281057,-1.6456405276657649,NA,FALSE,FALSE,n.s.
Q921F2,Tardbp,0.0037337104988441213,NA,-0.24062888574375932,NA,NA,FALSE,n.s.
Q99JF8,Psip1,0.9686062324254229,0.6756673690626231,0.9323716987229427,NA,FALSE,FALSE,n.s.
Q9CYT6,Cap2,-1.3730744015202587,0.4454667078211642,0.20677315921410291,NA,FALSE,FALSE,n.s.
Q9D2P8,Mobp,-2.4614162616940596,NA,-0.28130944298324806,0.788705586639058,FALSE,FALSE,n.s.
Q9D6Z1,Nop56,-0.7227620350658247,NA,0.6030442232514155,NA,NA,FALSE,n.s.
Q9D898,Arpc5l,-0.09417298817458504,NA,0.32234033700194975,NA,NA,FALSE,n.s.
Q9DBC7,Prkar1a,0.28130400719795395,NA,-0.5785910791138635,NA,NA,FALSE,n.s.
Q9EPN1,Nbea,-1.0392943221713395,0.5689974247041254,1.4664822671807898,NA,FALSE,FALSE,n.s.
Q9ES34,Ube3b,-1.2994953559518219,NA,0.22413223670419874,NA,NA,FALSE,n.s.
Q9JIX8,Acin1,0.1284476144129244,NA,0.12707624112317975,0.6305227513494847,FALSE,FALSE,n.s.
Q9JLM8,Dclk1,-0.2640919004801933,0.8053457931348744,-0.10826866526978202,NA,FALSE,FALSE,n.s.
Q9QX47,Son,-0.15225029234867882,NA,0.44147660627654667,NA,NA,FALSE,n.s.
Q9QXG4,Acss2,0.014079301312883367,NA,-0.07265300976955388,NA,NA,FALSE,n.s.
Q9QYB5,Add3,-0.19447754939536746,0.8753196295087494,-1.0250362903598675,NA,FALSE,FALSE,n.s.
Q9QYC0,Add1,0.1689013790887535,0.8588363870996844,0.10805566738599985,NA,FALSE,FALSE,n.s.
Q9WTQ5,Akap12,0.30893039959021235,NA,-0.7873505666809482,0.3150141646133396,FALSE,FALSE,n.s.
Q9WTX2,Prkra,-1.317921127903418,NA,-0.5392289474373428,0.6268808719526413,FALSE,FALSE,n.s.
Q9Z0P4,Palm,0.8269095296462519,0.5393694189178335,2.2431248837183304,NA,FALSE,FALSE,n.s.
Q9Z1B3,Plcb1,-1.28190454953752,0.1756080989806905,-0.38382549866049454,NA,FALSE,FALSE,n.s.
Q9Z2C9,Mtmr7,-0.08311097931767512,NA,0.02501278273077891,NA,NA,FALSE,n.s.
W6PPR4,Ank3,-0.2896127110227648,0.9152534535298085,1.7557952692332983,NA,FALSE,FALSE,n.s.
A2APV2,Fmnl2,-0.3475551300031872,NA,-0.3555750171864494,NA,NA,NA,n.s.
B1AWC8,Pde4b,-0.03371655262145564,NA,-0.317904599220395,NA,NA,NA,n.s.
D3YVE8,Slc35g2,-0.28814190317182975,NA,-0.045616361674692546,NA,NA,NA,n.s.
D3YXZ3,Klc2,-1.75976658520327,NA,-0.18483160239294355,NA,NA,NA,n.s.
E9Q2E4,Hectd4,-0.05211319967593362,NA,-0.8541817043411097,NA,NA,NA,n.s.
F8VPU2,Farp1,-0.008876154037579758,NA,-2.036152938839498,NA,NA,NA,n.s.
G3X9K3,Arfgef1,-1.2036714318597272,NA,-0.6510363189701182,NA,NA,NA,n.s.
O35633,Slc32a1,0.30034373721008795,NA,0.11406190021136187,NA,NA,NA,n.s.
O35681,Syt3,-1.7872866383662103,NA,-0.07781427346463617,NA,NA,NA,n.s.
O54774,Ap3d1,0.11924140728415421,NA,0.1405512872291691,NA,NA,NA,n.s.
O54829,Rgs7,3.0715812016550164,NA,0.033293836232772524,NA,NA,NA,n.s.
O54931,Pakap,0.31496077902620306,NA,0.24494719989500985,NA,NA,NA,n.s.
O88196,Ttc3,0.45786701770068033,NA,0.0162551229539612,NA,NA,NA,n.s.
O88487,Dync1i2,0.37449429964211955,NA,0.34908192987556025,NA,NA,NA,n.s.
O88587,Comt,-0.12582174437364485,NA,-0.1424877942645966,NA,NA,NA,n.s.
O88910,Mpp3,-0.13537084312586747,NA,-0.6898811445380317,NA,NA,NA,n.s.
P08551,Nefl,-0.9606294155357369,NA,-0.46067736661190595,NA,NA,NA,n.s.
P0C192,Lrrc4b,0.0697578458288361,NA,0.5672561205979573,NA,NA,NA,n.s.
P31748,V-AKT,-0.4287331497182016,NA,-1.161640589596929,NA,NA,NA,n.s.
P51830,Adcy9,-1.6701790681540551,NA,-0.04261820226455432,NA,NA,NA,n.s.
P56399,Usp5,-2.0068994103739306,NA,-0.45445442525125934,NA,NA,NA,n.s.
P61979,Hnrnpk,0.02182423735229576,NA,0.19230104900314166,NA,NA,NA,n.s.
P62484,Abi2,0.02814068076437695,NA,0.19841528399332437,NA,NA,NA,n.s.
P63042,Stmn4,0.07387438929330988,NA,0.2158970017181257,NA,NA,NA,n.s.
P70414,Slc8a1,-0.17899477203579794,NA,-0.4500822513727081,NA,NA,NA,n.s.
P70441,Nherf1,0.4098980021383014,NA,0.19192072319387574,NA,NA,NA,n.s.
P70704,Atp8a1,-2.1257914709520858,NA,-1.9069485930811727,NA,NA,NA,n.s.
P83741,Wnk1,0.0052101967342983255,NA,0.21846315538440628,NA,NA,NA,n.s.
P97434,Mprip,-0.07184031623240457,NA,-0.9385856217317825,NA,NA,NA,n.s.
P97798,Neo1,0.35238870303647407,NA,0.05578885863602048,NA,NA,NA,n.s.
Q02819,Nucb1,-0.20561254108676066,NA,-0.16944502557617397,NA,NA,NA,n.s.
Q3THL7,Vdac1,-0.40649540995355554,NA,-0.30333787374689886,NA,NA,NA,n.s.
Q3UCQ1,Foxk2,0.004012805366961035,NA,0.2249005884462094,NA,NA,NA,n.s.
Q3UM45,Ppp1r7,1.0920912757148156,NA,0.5239956972172002,NA,NA,NA,n.s.
Q3UNH4,Gprin1,-0.3367576002151669,NA,-0.2657365550048557,NA,NA,NA,n.s.
Q4QQM4,Trp53i11,-0.12747246830355088,NA,-0.1337136818272445,NA,NA,NA,n.s.
Q4VA53,Pds5b,0.14411021986118872,NA,0.4023341037064358,NA,NA,NA,n.s.
Q52KE7,Ccnl1,0.4333329940778511,NA,0.4861451781135377,NA,NA,NA,n.s.
Q60668,Hnrnpd,-0.617937170095709,NA,-0.08473121089652937,NA,NA,NA,n.s.
Q60902,Eps15l1,-0.4351811143242275,NA,-0.6206303723775143,NA,NA,NA,n.s.
Q61037,Tsc2,0.4105975259794252,NA,0.7730662443808016,NA,NA,NA,n.s.
Q61361,Bcan,-0.7768064885017343,NA,-0.4089337915179086,NA,NA,NA,n.s.
Q61686,Cbx5,-0.37455529664665843,NA,-1.2632448505412346,NA,NA,NA,n.s.
Q61699,Hsph1,1.4330328824916292,NA,0.08236538676054506,NA,NA,NA,n.s.
Q61701,Elavl4,-0.5853700444001552,NA,-0.8530670415524884,NA,NA,NA,n.s.
Q62093,Srsf2,0.14066671587961596,NA,2.08567764965418,NA,NA,NA,n.s.
Q63932,Map2k2,-0.09097249367864403,NA,-1.365797600123722,NA,NA,NA,n.s.
Q66L44,Cbarp,0.13310432284302312,NA,0.08058659117856655,NA,NA,NA,n.s.
Q69ZS8,Kazn,-0.3908277750357426,NA,-0.4779330164841353,NA,NA,NA,n.s.
Q6DID3,Scaf8,0.2690829890070503,NA,0.2103079387280843,NA,NA,NA,n.s.
Q6P1Y8,Inpp4b,-0.9938990377709307,NA,-0.0017761180709792016,NA,NA,NA,n.s.
Q6PAM0,Prkab2,0.4338272743628561,NA,0.4862084984831193,NA,NA,NA,n.s.
Q6PIC6,Atp1a3,-1.5180019632178958,NA,-1.5268683523803757,NA,NA,NA,n.s.
Q7TQH0,Atxn2l,0.23342385679946828,NA,0.3632917726812828,NA,NA,NA,n.s.
Q80U23,Snph,0.43164996700516484,NA,0.4678837564656514,NA,NA,NA,n.s.
Q80U58,Pum2,-0.3933588196163146,NA,-0.26875248665814616,NA,NA,NA,n.s.
Q80XK6,Atg2b,0.10785243192194946,NA,0.846866810112799,NA,NA,NA,n.s.
Q80YN3,Bcas1,0.4180871990803887,NA,1.177601872529688,NA,NA,NA,n.s.
Q8BG92,Clvs2,0.4241440578173727,NA,0.6475672152838938,NA,NA,NA,n.s.
Q8C9H6,Strip2,-0.22843449923237027,NA,-0.6835993977970403,NA,NA,NA,n.s.
Q8CBH5,Mfsd6,-0.2721292109808349,NA,-0.007596786148499037,NA,NA,NA,n.s.
Q8CBW3,Abi1,-0.44108254581543965,NA,-0.01262350030797055,NA,NA,NA,n.s.
Q8CDG3,Vcpip1,0.1670248756939769,NA,0.00989354092071054,NA,NA,NA,n.s.
Q8K0T0,Rtn1,0.22830928743226103,NA,0.5761636161722946,NA,NA,NA,n.s.
Q8K4I3,Arhgef6,0.6415419421385219,NA,0.2698164014633212,NA,NA,NA,n.s.
Q8K4Q0,Rptor,-1.2326826765691299,NA,-1.8996561084494075,NA,NA,NA,n.s.
Q8R0A7,Kiaa0513,0.2539802345573875,NA,0.009349367264589641,NA,NA,NA,n.s.
Q8VCI5,Pex19,-0.6808597052640679,NA,-0.8007967675064526,NA,NA,NA,n.s.
Q8VE19,Mios,0.5441721525567619,NA,0.23138079897300695,NA,NA,NA,n.s.
Q920I9,Wdr7,-1.8144678923781499,NA,-0.06389019871072375,NA,NA,NA,n.s.
Q99J21,Mcoln1,-0.7012117292919555,NA,-0.32393674751079093,NA,NA,NA,n.s.
Q99J45,Nrbp1,0.22548135519265394,NA,0.3819706097591004,NA,NA,NA,n.s.
Q99MP8,Brap,0.3702105134335898,NA,0.8112507964196151,NA,NA,NA,n.s.
Q99PL6,Ubxn6,0.3284710654324429,NA,0.13152724247014533,NA,NA,NA,n.s.
Q9CQS8,Sec61b,0.10668181328371872,NA,0.1715158140977613,NA,NA,NA,n.s.
Q9D0V7,Ebag9,-2.000911838663979,NA,-1.7094327651133345,NA,NA,NA,n.s.
Q9D394,Rufy3,2.0207032982460045,NA,0.044227328979606295,NA,NA,NA,n.s.
Q9DBR7,Ppp1r12a,-1.0029745723782757,NA,-1.0671660604182045,NA,NA,NA,n.s.
Q9ERZ4,Chrm2,-0.39064378144491874,NA,-0.6465709872426535,NA,NA,NA,n.s.
Q9JI99,Sgpp1,0.18517741194540951,NA,1.3707779971099647,NA,NA,NA,n.s.
Q9JMA1,Usp14,-1.3327752799256538,NA,-1.4355861977872004,NA,NA,NA,n.s.
Q9QYI5,Dnajb2,-0.4611856334398908,NA,-0.01257847167016386,NA,NA,NA,n.s.
Q9R0L6,Pcm1,0.091827578415652,NA,0.204378547143488,NA,NA,NA,n.s.
Q9WV69,Dmtn,-1.3912902134319851,NA,-1.308027757795695,NA,NA,NA,n.s.
Q9Z107,Pakap,-1.02799794335953,NA,-0.2860171520792023,NA,NA,NA,n.s.
